{
  "auc_roc": 0.7472718757317931,
  "precision": 0.4666666666666667,
  "recall": 0.6695652173913044,
  "f1": 0.55,
  "accuracy": 0.6797966963151207,
  "test_rows": 787,
  "positive_rate_test": 0.29224904701397714
}