{
  "auc_roc": 0.768605104987901,
  "precision": 0.4236111111111111,
  "recall": 0.7956521739130434,
  "f1": 0.552870090634441,
  "accuracy": 0.6238881829733164,
  "test_rows": 787,
  "positive_rate_test": 0.29224904701397714
}